[
  {
    "capital": "Kabul",
    "code": "af",
    "continent": "Asia",
    "flag": "assets/flags/af.svg",
    "name": "Afghanistan",
    "url": "https://iptv-org.github.io/iptv/countries/af.m3u"
  },
  {
    "capital": "Tirana",
    "code": "al",
    "continent": "Europe",
    "flag": "assets/flags/al.svg",
    "name": "Albania",
    "url": "https://iptv-org.github.io/iptv/countries/al.m3u"
  },
  {
    "capital": "Algiers",
    "code": "dz",
    "continent": "Africa",
    "flag": "assets/flags/dz.svg",
    "name": "Algeria",
    "url": "https://iptv-org.github.io/iptv/countries/dz.m3u"
  },
  {
    "capital": "Pago Pago",
    "code": "as",
    "continent": "Oceania",
    "flag": "assets/flags/as.svg",
    "name": "American Samoa",
    "url": "https://iptv-org.github.io/iptv/countries/as.m3u"
  },
  {
    "capital": "Andorra la Vella",
    "code": "ad",
    "continent": "Europe",
    "flag": "assets/flags/ad.svg",
    "name": "Andorra",
    "url": "https://iptv-org.github.io/iptv/countries/ad.m3u"
  },
  {
    "capital": "Luanda",
    "code": "ao",
    "continent": "Africa",
    "flag": "assets/flags/ao.svg",
    "name": "Angola",
    "url": "https://iptv-org.github.io/iptv/countries/ao.m3u"
  },
  {
    "capital": "The Valley",
    "code": "ai",
    "continent": "North America",
    "flag": "assets/flags/ai.svg",
    "name": "Anguilla",
    "url": "https://iptv-org.github.io/iptv/countries/ai.m3u"
  },
  {
    "capital": "St. John's",
    "code": "ag",
    "continent": "North America",
    "flag": "assets/flags/ag.svg",
    "name": "Antigua and Barbuda",
    "url": "https://iptv-org.github.io/iptv/countries/ag.m3u"
  },
  {
    "capital": "Buenos Aires",
    "code": "ar",
    "continent": "South America",
    "flag": "assets/flags/ar.svg",
    "name": "Argentina",
    "url": "https://iptv-org.github.io/iptv/countries/ar.m3u"
  },
  {
    "capital": "Yerevan",
    "code": "am",
    "continent": "Asia",
    "flag": "assets/flags/am.svg",
    "name": "Armenia",
    "url": "https://iptv-org.github.io/iptv/countries/am.m3u"
  },
  {
    "capital": "Oranjestad",
    "code": "aw",
    "continent": "South America",
    "flag": "assets/flags/aw.svg",
    "name": "Aruba",
    "url": "https://iptv-org.github.io/iptv/countries/aw.m3u"
  },
  {
    "capital": "Canberra",
    "code": "au",
    "continent": "Oceania",
    "flag": "assets/flags/au.svg",
    "name": "Australia",
    "url": "https://iptv-org.github.io/iptv/countries/au.m3u"
  },
  {
    "capital": "Vienna",
    "code": "at",
    "continent": "Europe",
    "flag": "assets/flags/at.svg",
    "name": "Austria",
    "url": "https://iptv-org.github.io/iptv/countries/at.m3u"
  },
  {
    "capital": "Baku",
    "code": "az",
    "continent": "Asia",
    "flag": "assets/flags/az.svg",
    "name": "Azerbaijan",
    "url": "https://iptv-org.github.io/iptv/countries/az.m3u"
  },
  {
    "capital": "Nassau",
    "code": "bs",
    "continent": "North America",
    "flag": "assets/flags/bs.svg",
    "name": "Bahamas",
    "url": "https://iptv-org.github.io/iptv/countries/bs.m3u"
  },
  {
    "capital": "Manama",
    "code": "bh",
    "continent": "Asia",
    "flag": "assets/flags/bh.svg",
    "name": "Bahrain",
    "url": "https://iptv-org.github.io/iptv/countries/bh.m3u"
  },
  {
    "capital": "Dhaka",
    "code": "bd",
    "continent": "Asia",
    "flag": "assets/flags/bd.svg",
    "name": "Bangladesh",
    "url": "https://iptv-org.github.io/iptv/countries/bd.m3u"
  },
  {
    "capital": "Bridgetown",
    "code": "bb",
    "continent": "North America",
    "flag": "assets/flags/bb.svg",
    "name": "Barbados",
    "url": "https://iptv-org.github.io/iptv/countries/bb.m3u"
  },
  {
    "capital": "Minsk",
    "code": "by",
    "continent": "Europe",
    "flag": "assets/flags/by.svg",
    "name": "Belarus",
    "url": "https://iptv-org.github.io/iptv/countries/by.m3u"
  },
  {
    "capital": "Brussels",
    "code": "be",
    "continent": "Europe",
    "flag": "assets/flags/be.svg",
    "name": "Belgium",
    "url": "https://iptv-org.github.io/iptv/countries/be.m3u"
  },
  {
    "capital": "Belmopan",
    "code": "bz",
    "continent": "North America",
    "flag": "assets/flags/bz.svg",
    "name": "Belize",
    "url": "https://iptv-org.github.io/iptv/countries/bz.m3u"
  },
  {
    "capital": "Porto-Novo",
    "code": "bj",
    "continent": "Africa",
    "flag": "assets/flags/bj.svg",
    "name": "Benin",
    "url": "https://iptv-org.github.io/iptv/countries/bj.m3u"
  },
  {
    "capital": "Hamilton",
    "code": "bm",
    "continent": "North America",
    "flag": "assets/flags/bm.svg",
    "name": "Bermuda",
    "url": "https://iptv-org.github.io/iptv/countries/bm.m3u"
  },
  {
    "capital": "Thimphu",
    "code": "bt",
    "continent": "Asia",
    "flag": "assets/flags/bt.svg",
    "name": "Bhutan",
    "url": "https://iptv-org.github.io/iptv/countries/bt.m3u"
  },
  {
    "capital": "Sucre",
    "code": "bo",
    "continent": "South America",
    "flag": "assets/flags/bo.svg",
    "name": "Bolivia",
    "url": "https://iptv-org.github.io/iptv/countries/bo.m3u"
  },
  {
    "capital": "Kralendijk",
    "code": "bq",
    "continent": "South America",
    "flag": "assets/flags/bq.svg",
    "name": "Bonaire, Sint Eustatius and Saba",
    "url": "https://iptv-org.github.io/iptv/countries/bq.m3u"
  },
  {
    "capital": "Sarajevo",
    "code": "ba",
    "continent": "Europe",
    "flag": "assets/flags/ba.svg",
    "name": "Bosnia and Herzegovina",
    "url": "https://iptv-org.github.io/iptv/countries/ba.m3u"
  },
  {
    "capital": "Gaborone",
    "code": "bw",
    "continent": "Africa",
    "flag": "assets/flags/bw.svg",
    "name": "Botswana",
    "url": "https://iptv-org.github.io/iptv/countries/bw.m3u"
  },
  {
    "code": "bv",
    "flag": "assets/flags/bv.svg",
    "name": "Bouvet Island",
    "url": "https://iptv-org.github.io/iptv/countries/bv.m3u"
  },
  {
    "capital": "Brasília",
    "code": "br",
    "continent": "South America",
    "flag": "assets/flags/br.svg",
    "name": "Brazil",
    "url": "https://iptv-org.github.io/iptv/countries/br.m3u"
  },
  {
    "capital": "Bandar Seri Begawan",
    "code": "bn",
    "continent": "Asia",
    "flag": "assets/flags/bn.svg",
    "name": "Brunei Darussalam",
    "url": "https://iptv-org.github.io/iptv/countries/bn.m3u"
  },
  {
    "capital": "Sofia",
    "code": "bg",
    "continent": "Europe",
    "flag": "assets/flags/bg.svg",
    "name": "Bulgaria",
    "url": "https://iptv-org.github.io/iptv/countries/bg.m3u"
  },
  {
    "capital": "Ouagadougou",
    "code": "bf",
    "continent": "Africa",
    "flag": "assets/flags/bf.svg",
    "name": "Burkina Faso",
    "url": "https://iptv-org.github.io/iptv/countries/bf.m3u"
  },
  {
    "capital": "Bujumbura",
    "code": "bi",
    "continent": "Africa",
    "flag": "assets/flags/bi.svg",
    "name": "Burundi",
    "url": "https://iptv-org.github.io/iptv/countries/bi.m3u"
  },
  {
    "capital": "Praia",
    "code": "cv",
    "continent": "Africa",
    "flag": "assets/flags/cv.svg",
    "name": "Cabo Verde",
    "url": "https://iptv-org.github.io/iptv/countries/cv.m3u"
  },
  {
    "capital": "Phnom Penh",
    "code": "kh",
    "continent": "Asia",
    "flag": "assets/flags/kh.svg",
    "name": "Cambodia",
    "url": "https://iptv-org.github.io/iptv/countries/kh.m3u"
  },
  {
    "capital": "Yaoundé",
    "code": "cm",
    "continent": "Africa",
    "flag": "assets/flags/cm.svg",
    "name": "Cameroon",
    "url": "https://iptv-org.github.io/iptv/countries/cm.m3u"
  },
  {
    "capital": "Ottawa",
    "code": "ca",
    "continent": "North America",
    "flag": "assets/flags/ca.svg",
    "name": "Canada",
    "url": "https://iptv-org.github.io/iptv/countries/ca.m3u"
  },
  {
    "capital": "George Town",
    "code": "ky",
    "continent": "North America",
    "flag": "assets/flags/ky.svg",
    "name": "Cayman Islands",
    "url": "https://iptv-org.github.io/iptv/countries/ky.m3u"
  },
  {
    "capital": "Bangui",
    "code": "cf",
    "continent": "Africa",
    "flag": "assets/flags/cf.svg",
    "name": "Central African Republic",
    "url": "https://iptv-org.github.io/iptv/countries/cf.m3u"
  },
  {
    "capital": "N'Djamena",
    "code": "td",
    "continent": "Africa",
    "flag": "assets/flags/td.svg",
    "name": "Chad",
    "url": "https://iptv-org.github.io/iptv/countries/td.m3u"
  },
  {
    "capital": "Santiago",
    "code": "cl",
    "continent": "South America",
    "flag": "assets/flags/cl.svg",
    "name": "Chile",
    "url": "https://iptv-org.github.io/iptv/countries/cl.m3u"
  },
  {
    "capital": "Beijing",
    "code": "cn",
    "continent": "Asia",
    "flag": "assets/flags/cn.svg",
    "name": "China",
    "url": "https://iptv-org.github.io/iptv/countries/cn.m3u"
  },
  {
    "capital": "Bogotá",
    "code": "co",
    "continent": "South America",
    "flag": "assets/flags/co.svg",
    "name": "Colombia",
    "url": "https://iptv-org.github.io/iptv/countries/co.m3u"
  },
  {
    "capital": "Moroni",
    "code": "km",
    "continent": "Africa",
    "flag": "assets/flags/km.svg",
    "name": "Comoros",
    "url": "https://iptv-org.github.io/iptv/countries/km.m3u"
  },
  {
    "capital": "Avarua",
    "code": "ck",
    "continent": "Oceania",
    "flag": "assets/flags/ck.svg",
    "name": "Cook Islands",
    "url": "https://iptv-org.github.io/iptv/countries/ck.m3u"
  },
  {
    "capital": "San José",
    "code": "cr",
    "continent": "North America",
    "flag": "assets/flags/cr.svg",
    "name": "Costa Rica",
    "url": "https://iptv-org.github.io/iptv/countries/cr.m3u"
  },
  {
    "capital": "Zagreb",
    "code": "hr",
    "continent": "Europe",
    "flag": "assets/flags/hr.svg",
    "name": "Croatia",
    "url": "https://iptv-org.github.io/iptv/countries/hr.m3u"
  },
  {
    "capital": "Havana",
    "code": "cu",
    "continent": "North America",
    "flag": "assets/flags/cu.svg",
    "name": "Cuba",
    "url": "https://iptv-org.github.io/iptv/countries/cu.m3u"
  },
  {
    "capital": "Willemstad",
    "code": "cw",
    "continent": "South America",
    "flag": "assets/flags/cw.svg",
    "name": "Curaçao",
    "url": "https://iptv-org.github.io/iptv/countries/cw.m3u"
  },
  {
    "capital": "Nicosia",
    "code": "cy",
    "continent": "Europe",
    "flag": "assets/flags/cy.svg",
    "name": "Cyprus",
    "url": "https://iptv-org.github.io/iptv/countries/cy.m3u"
  },
  {
    "capital": "Prague",
    "code": "cz",
    "continent": "Europe",
    "flag": "assets/flags/cz.svg",
    "name": "Czech Republic",
    "url": "https://iptv-org.github.io/iptv/countries/cz.m3u"
  },
  {
    "capital": "Yamoussoukro",
    "code": "ci",
    "continent": "Africa",
    "flag": "assets/flags/ci.svg",
    "name": "Côte d'Ivoire",
    "url": "https://iptv-org.github.io/iptv/countries/ci.m3u"
  },
  {
    "capital": "Kinshasa",
    "code": "cd",
    "continent": "Africa",
    "flag": "assets/flags/cd.svg",
    "name": "Democratic Republic of the Congo",
    "url": "https://iptv-org.github.io/iptv/countries/cd.m3u"
  },
  {
    "capital": "Copenhagen",
    "code": "dk",
    "continent": "Europe",
    "flag": "assets/flags/dk.svg",
    "name": "Denmark",
    "url": "https://iptv-org.github.io/iptv/countries/dk.m3u"
  },
  {
    "capital": "Djibouti",
    "code": "dj",
    "continent": "Africa",
    "flag": "assets/flags/dj.svg",
    "name": "Djibouti",
    "url": "https://iptv-org.github.io/iptv/countries/dj.m3u"
  },
  {
    "capital": "Roseau",
    "code": "dm",
    "continent": "North America",
    "flag": "assets/flags/dm.svg",
    "name": "Dominica",
    "url": "https://iptv-org.github.io/iptv/countries/dm.m3u"
  },
  {
    "capital": "Santo Domingo",
    "code": "do",
    "continent": "North America",
    "flag": "assets/flags/do.svg",
    "name": "Dominican Republic",
    "url": "https://iptv-org.github.io/iptv/countries/do.m3u"
  },
  {
    "capital": "Quito",
    "code": "ec",
    "continent": "South America",
    "flag": "assets/flags/ec.svg",
    "name": "Ecuador",
    "url": "https://iptv-org.github.io/iptv/countries/ec.m3u"
  },
  {
    "capital": "Cairo",
    "code": "eg",
    "continent": "Africa",
    "flag": "assets/flags/eg.svg",
    "name": "Egypt",
    "url": "https://iptv-org.github.io/iptv/countries/eg.m3u"
  },
  {
    "capital": "San Salvador",
    "code": "sv",
    "continent": "North America",
    "flag": "assets/flags/sv.svg",
    "name": "El Salvador",
    "url": "https://iptv-org.github.io/iptv/countries/sv.m3u"
  },
  {
    "capital": "Malabo",
    "code": "gq",
    "continent": "Africa",
    "flag": "assets/flags/gq.svg",
    "name": "Equatorial Guinea",
    "url": "https://iptv-org.github.io/iptv/countries/gq.m3u"
  },
  {
    "capital": "Asmara",
    "code": "er",
    "continent": "Africa",
    "flag": "assets/flags/er.svg",
    "name": "Eritrea",
    "url": "https://iptv-org.github.io/iptv/countries/er.m3u"
  },
  {
    "capital": "Tallinn",
    "code": "ee",
    "continent": "Europe",
    "flag": "assets/flags/ee.svg",
    "name": "Estonia",
    "url": "https://iptv-org.github.io/iptv/countries/ee.m3u"
  },
  {
    "capital": "Lobamba, Mbabane",
    "code": "sz",
    "continent": "Africa",
    "flag": "assets/flags/sz.svg",
    "name": "Eswatini",
    "url": "https://iptv-org.github.io/iptv/countries/sz.m3u"
  },
  {
    "capital": "Addis Ababa",
    "code": "et",
    "continent": "Africa",
    "flag": "assets/flags/et.svg",
    "name": "Ethiopia",
    "url": "https://iptv-org.github.io/iptv/countries/et.m3u"
  },
  {
    "capital": "Stanley",
    "code": "fk",
    "continent": "South America",
    "flag": "assets/flags/fk.svg",
    "name": "Falkland Islands",
    "url": "https://iptv-org.github.io/iptv/countries/fk.m3u"
  },
  {
    "capital": "Tórshavn",
    "code": "fo",
    "continent": "Europe",
    "flag": "assets/flags/fo.svg",
    "name": "Faroe Islands",
    "url": "https://iptv-org.github.io/iptv/countries/fo.m3u"
  },
  {
    "capital": "Palikir",
    "code": "fm",
    "continent": "Oceania",
    "flag": "assets/flags/fm.svg",
    "name": "Federated States of Micronesia",
    "url": "https://iptv-org.github.io/iptv/countries/fm.m3u"
  },
  {
    "capital": "Suva",
    "code": "fj",
    "continent": "Oceania",
    "flag": "assets/flags/fj.svg",
    "name": "Fiji",
    "url": "https://iptv-org.github.io/iptv/countries/fj.m3u"
  },
  {
    "capital": "Helsinki",
    "code": "fi",
    "continent": "Europe",
    "flag": "assets/flags/fi.svg",
    "name": "Finland",
    "url": "https://iptv-org.github.io/iptv/countries/fi.m3u"
  },
  {
    "capital": "Paris",
    "code": "fr",
    "continent": "Europe",
    "flag": "assets/flags/fr.svg",
    "name": "France",
    "url": "https://iptv-org.github.io/iptv/countries/fr.m3u"
  },
  {
    "capital": "Cayenne",
    "code": "gf",
    "continent": "South America",
    "flag": "assets/flags/gf.svg",
    "name": "French Guiana",
    "url": "https://iptv-org.github.io/iptv/countries/gf.m3u"
  },
  {
    "capital": "Papeete",
    "code": "pf",
    "continent": "Oceania",
    "flag": "assets/flags/pf.svg",
    "name": "French Polynesia",
    "url": "https://iptv-org.github.io/iptv/countries/pf.m3u"
  },
  {
    "capital": "Saint-Pierre, Réunion",
    "code": "tf",
    "continent": "Africa",
    "flag": "assets/flags/tf.svg",
    "name": "French Southern Territories",
    "url": "https://iptv-org.github.io/iptv/countries/tf.m3u"
  },
  {
    "capital": "Libreville",
    "code": "ga",
    "continent": "Africa",
    "flag": "assets/flags/ga.svg",
    "name": "Gabon",
    "url": "https://iptv-org.github.io/iptv/countries/ga.m3u"
  },
  {
    "capital": "Banjul",
    "code": "gm",
    "continent": "Africa",
    "flag": "assets/flags/gm.svg",
    "name": "Gambia",
    "url": "https://iptv-org.github.io/iptv/countries/gm.m3u"
  },
  {
    "capital": "Tbilisi",
    "code": "ge",
    "continent": "Asia",
    "flag": "assets/flags/ge.svg",
    "name": "Georgia",
    "url": "https://iptv-org.github.io/iptv/countries/ge.m3u"
  },
  {
    "capital": "Berlin",
    "code": "de",
    "continent": "Europe",
    "flag": "assets/flags/de.svg",
    "name": "Germany",
    "url": "https://iptv-org.github.io/iptv/countries/de.m3u"
  },
  {
    "capital": "Accra",
    "code": "gh",
    "continent": "Africa",
    "flag": "assets/flags/gh.svg",
    "name": "Ghana",
    "url": "https://iptv-org.github.io/iptv/countries/gh.m3u"
  },
  {
    "capital": "Athens",
    "code": "gr",
    "continent": "Europe",
    "flag": "assets/flags/gr.svg",
    "name": "Greece",
    "url": "https://iptv-org.github.io/iptv/countries/gr.m3u"
  },
  {
    "capital": "Nuuk",
    "code": "gl",
    "continent": "North America",
    "flag": "assets/flags/gl.svg",
    "name": "Greenland",
    "url": "https://iptv-org.github.io/iptv/countries/gl.m3u"
  },
  {
    "capital": "St. George's",
    "code": "gd",
    "continent": "North America",
    "flag": "assets/flags/gd.svg",
    "name": "Grenada",
    "url": "https://iptv-org.github.io/iptv/countries/gd.m3u"
  },
  {
    "capital": "Basse-Terre",
    "code": "gp",
    "continent": "North America",
    "flag": "assets/flags/gp.svg",
    "name": "Guadeloupe",
    "url": "https://iptv-org.github.io/iptv/countries/gp.m3u"
  },
  {
    "capital": "Hagåtña",
    "code": "gu",
    "continent": "Oceania",
    "flag": "assets/flags/gu.svg",
    "name": "Guam",
    "url": "https://iptv-org.github.io/iptv/countries/gu.m3u"
  },
  {
    "capital": "Guatemala City",
    "code": "gt",
    "continent": "North America",
    "flag": "assets/flags/gt.svg",
    "name": "Guatemala",
    "url": "https://iptv-org.github.io/iptv/countries/gt.m3u"
  },
  {
    "capital": "Saint Peter Port",
    "code": "gg",
    "continent": "Europe",
    "flag": "assets/flags/gg.svg",
    "name": "Guernsey",
    "url": "https://iptv-org.github.io/iptv/countries/gg.m3u"
  },
  {
    "capital": "Conakry",
    "code": "gn",
    "continent": "Africa",
    "flag": "assets/flags/gn.svg",
    "name": "Guinea",
    "url": "https://iptv-org.github.io/iptv/countries/gn.m3u"
  },
  {
    "capital": "Bissau",
    "code": "gw",
    "continent": "Africa",
    "flag": "assets/flags/gw.svg",
    "name": "Guinea-Bissau",
    "url": "https://iptv-org.github.io/iptv/countries/gw.m3u"
  },
  {
    "capital": "Georgetown",
    "code": "gy",
    "continent": "South America",
    "flag": "assets/flags/gy.svg",
    "name": "Guyana",
    "url": "https://iptv-org.github.io/iptv/countries/gy.m3u"
  },
  {
    "capital": "Port-au-Prince",
    "code": "ht",
    "continent": "North America",
    "flag": "assets/flags/ht.svg",
    "name": "Haiti",
    "url": "https://iptv-org.github.io/iptv/countries/ht.m3u"
  },
  {
    "capital": "Vatican City",
    "code": "va",
    "continent": "Europe",
    "flag": "assets/flags/va.svg",
    "name": "Holy See",
    "url": "https://iptv-org.github.io/iptv/countries/va.m3u"
  },
  {
    "capital": "Tegucigalpa",
    "code": "hn",
    "continent": "North America",
    "flag": "assets/flags/hn.svg",
    "name": "Honduras",
    "url": "https://iptv-org.github.io/iptv/countries/hn.m3u"
  },
  {
    "capital": "Hong Kong",
    "code": "hk",
    "continent": "Asia",
    "flag": "assets/flags/hk.svg",
    "name": "Hong Kong",
    "url": "https://iptv-org.github.io/iptv/countries/hk.m3u"
  },
  {
    "capital": "Budapest",
    "code": "hu",
    "continent": "Europe",
    "flag": "assets/flags/hu.svg",
    "name": "Hungary",
    "url": "https://iptv-org.github.io/iptv/countries/hu.m3u"
  },
  {
    "capital": "Reykjavik",
    "code": "is",
    "continent": "Europe",
    "flag": "assets/flags/is.svg",
    "name": "Iceland",
    "url": "https://iptv-org.github.io/iptv/countries/is.m3u"
  },
  {
    "capital": "New Delhi",
    "code": "in",
    "continent": "Asia",
    "flag": "assets/flags/in.svg",
    "name": "India",
    "url": "https://iptv-org.github.io/iptv/countries/in.m3u"
  },
  {
    "capital": "Jakarta",
    "code": "id",
    "continent": "Asia",
    "flag": "assets/flags/id.svg",
    "name": "Indonesia",
    "url": "https://iptv-org.github.io/iptv/countries/id.m3u"
  },
  {
    "capital": "Tehran",
    "code": "ir",
    "continent": "Asia",
    "flag": "assets/flags/ir.svg",
    "name": "Iran",
    "url": "https://iptv-org.github.io/iptv/countries/ir.m3u"
  },
  {
    "capital": "Baghdad",
    "code": "iq",
    "continent": "Asia",
    "flag": "assets/flags/iq.svg",
    "name": "Iraq",
    "url": "https://iptv-org.github.io/iptv/countries/iq.m3u"
  },
  {
    "capital": "Dublin",
    "code": "ie",
    "continent": "Europe",
    "flag": "assets/flags/ie.svg",
    "name": "Ireland",
    "url": "https://iptv-org.github.io/iptv/countries/ie.m3u"
  },
  {
    "capital": "Jerusalem",
    "code": "il",
    "continent": "Asia",
    "flag": "assets/flags/il.svg",
    "name": "Israel",
    "url": "https://iptv-org.github.io/iptv/countries/il.m3u"
  },
  {
    "capital": "Rome",
    "code": "it",
    "continent": "Europe",
    "flag": "assets/flags/it.svg",
    "name": "Italy",
    "url": "https://iptv-org.github.io/iptv/countries/it.m3u"
  },
  {
    "capital": "Kingston",
    "code": "jm",
    "continent": "North America",
    "flag": "assets/flags/jm.svg",
    "name": "Jamaica",
    "url": "https://iptv-org.github.io/iptv/countries/jm.m3u"
  },
  {
    "capital": "Tokyo",
    "code": "jp",
    "continent": "Asia",
    "flag": "assets/flags/jp.svg",
    "name": "Japan",
    "url": "https://iptv-org.github.io/iptv/countries/jp.m3u"
  },
  {
    "capital": "Amman",
    "code": "jo",
    "continent": "Asia",
    "flag": "assets/flags/jo.svg",
    "name": "Jordan",
    "url": "https://iptv-org.github.io/iptv/countries/jo.m3u"
  },
  {
    "capital": "Astana",
    "code": "kz",
    "continent": "Asia",
    "flag": "assets/flags/kz.svg",
    "name": "Kazakhstan",
    "url": "https://iptv-org.github.io/iptv/countries/kz.m3u"
  },
  {
    "capital": "Nairobi",
    "code": "ke",
    "continent": "Africa",
    "flag": "assets/flags/ke.svg",
    "name": "Kenya",
    "url": "https://iptv-org.github.io/iptv/countries/ke.m3u"
  },
  {
    "capital": "South Tarawa",
    "code": "ki",
    "continent": "Oceania",
    "flag": "assets/flags/ki.svg",
    "name": "Kiribati",
    "url": "https://iptv-org.github.io/iptv/countries/ki.m3u"
  },
  {
    "capital": "Pristina",
    "code": "xk",
    "continent": "Europe",
    "flag": "assets/flags/xk.svg",
    "name": "Kosovo",
    "url": "https://iptv-org.github.io/iptv/countries/xk.m3u"
  },
  {
    "capital": "Kuwait City",
    "code": "kw",
    "continent": "Asia",
    "flag": "assets/flags/kw.svg",
    "name": "Kuwait",
    "url": "https://iptv-org.github.io/iptv/countries/kw.m3u"
  },
  {
    "capital": "Bishkek",
    "code": "kg",
    "continent": "Asia",
    "flag": "assets/flags/kg.svg",
    "name": "Kyrgyzstan",
    "url": "https://iptv-org.github.io/iptv/countries/kg.m3u"
  },
  {
    "capital": "Vientiane",
    "code": "la",
    "continent": "Asia",
    "flag": "assets/flags/la.svg",
    "name": "Laos",
    "url": "https://iptv-org.github.io/iptv/countries/la.m3u"
  },
  {
    "capital": "Riga",
    "code": "lv",
    "continent": "Europe",
    "flag": "assets/flags/lv.svg",
    "name": "Latvia",
    "url": "https://iptv-org.github.io/iptv/countries/lv.m3u"
  },
  {
    "capital": "Beirut",
    "code": "lb",
    "continent": "Asia",
    "flag": "assets/flags/lb.svg",
    "name": "Lebanon",
    "url": "https://iptv-org.github.io/iptv/countries/lb.m3u"
  },
  {
    "capital": "Maseru",
    "code": "ls",
    "continent": "Africa",
    "flag": "assets/flags/ls.svg",
    "name": "Lesotho",
    "url": "https://iptv-org.github.io/iptv/countries/ls.m3u"
  },
  {
    "capital": "Monrovia",
    "code": "lr",
    "continent": "Africa",
    "flag": "assets/flags/lr.svg",
    "name": "Liberia",
    "url": "https://iptv-org.github.io/iptv/countries/lr.m3u"
  },
  {
    "capital": "Tripoli",
    "code": "ly",
    "continent": "Africa",
    "flag": "assets/flags/ly.svg",
    "name": "Libya",
    "url": "https://iptv-org.github.io/iptv/countries/ly.m3u"
  },
  {
    "capital": "Vaduz",
    "code": "li",
    "continent": "Europe",
    "flag": "assets/flags/li.svg",
    "name": "Liechtenstein",
    "url": "https://iptv-org.github.io/iptv/countries/li.m3u"
  },
  {
    "capital": "Vilnius",
    "code": "lt",
    "continent": "Europe",
    "flag": "assets/flags/lt.svg",
    "name": "Lithuania",
    "url": "https://iptv-org.github.io/iptv/countries/lt.m3u"
  },
  {
    "capital": "Luxembourg City",
    "code": "lu",
    "continent": "Europe",
    "flag": "assets/flags/lu.svg",
    "name": "Luxembourg",
    "url": "https://iptv-org.github.io/iptv/countries/lu.m3u"
  },
  {
    "capital": "Macau",
    "code": "mo",
    "continent": "Asia",
    "flag": "assets/flags/mo.svg",
    "name": "Macau",
    "url": "https://iptv-org.github.io/iptv/countries/mo.m3u"
  },
  {
    "capital": "Antananarivo",
    "code": "mg",
    "continent": "Africa",
    "flag": "assets/flags/mg.svg",
    "name": "Madagascar",
    "url": "https://iptv-org.github.io/iptv/countries/mg.m3u"
  },
  {
    "capital": "Lilongwe",
    "code": "mw",
    "continent": "Africa",
    "flag": "assets/flags/mw.svg",
    "name": "Malawi",
    "url": "https://iptv-org.github.io/iptv/countries/mw.m3u"
  },
  {
    "capital": "Kuala Lumpur",
    "code": "my",
    "continent": "Asia",
    "flag": "assets/flags/my.svg",
    "name": "Malaysia",
    "url": "https://iptv-org.github.io/iptv/countries/my.m3u"
  },
  {
    "capital": "Malé",
    "code": "mv",
    "continent": "Asia",
    "flag": "assets/flags/mv.svg",
    "name": "Maldives",
    "url": "https://iptv-org.github.io/iptv/countries/mv.m3u"
  },
  {
    "capital": "Bamako",
    "code": "ml",
    "continent": "Africa",
    "flag": "assets/flags/ml.svg",
    "name": "Mali",
    "url": "https://iptv-org.github.io/iptv/countries/ml.m3u"
  },
  {
    "capital": "Valletta",
    "code": "mt",
    "continent": "Europe",
    "flag": "assets/flags/mt.svg",
    "name": "Malta",
    "url": "https://iptv-org.github.io/iptv/countries/mt.m3u"
  },
  {
    "capital": "Majuro",
    "code": "mh",
    "continent": "Oceania",
    "flag": "assets/flags/mh.svg",
    "name": "Marshall Islands",
    "url": "https://iptv-org.github.io/iptv/countries/mh.m3u"
  },
  {
    "capital": "Fort-de-France",
    "code": "mq",
    "continent": "North America",
    "flag": "assets/flags/mq.svg",
    "name": "Martinique",
    "url": "https://iptv-org.github.io/iptv/countries/mq.m3u"
  },
  {
    "capital": "Nouakchott",
    "code": "mr",
    "continent": "Africa",
    "flag": "assets/flags/mr.svg",
    "name": "Mauritania",
    "url": "https://iptv-org.github.io/iptv/countries/mr.m3u"
  },
  {
    "capital": "Port Louis",
    "code": "mu",
    "continent": "Africa",
    "flag": "assets/flags/mu.svg",
    "name": "Mauritius",
    "url": "https://iptv-org.github.io/iptv/countries/mu.m3u"
  },
  {
    "capital": "Mamoudzou",
    "code": "yt",
    "continent": "Africa",
    "flag": "assets/flags/yt.svg",
    "name": "Mayotte",
    "url": "https://iptv-org.github.io/iptv/countries/yt.m3u"
  },
  {
    "capital": "Mexico City",
    "code": "mx",
    "continent": "North America",
    "flag": "assets/flags/mx.svg",
    "name": "Mexico",
    "url": "https://iptv-org.github.io/iptv/countries/mx.m3u"
  },
  {
    "capital": "Chișinău",
    "code": "md",
    "continent": "Europe",
    "flag": "assets/flags/md.svg",
    "name": "Moldova",
    "url": "https://iptv-org.github.io/iptv/countries/md.m3u"
  },
  {
    "capital": "Monaco",
    "code": "mc",
    "continent": "Europe",
    "flag": "assets/flags/mc.svg",
    "name": "Monaco",
    "url": "https://iptv-org.github.io/iptv/countries/mc.m3u"
  },
  {
    "capital": "Ulaanbaatar",
    "code": "mn",
    "continent": "Asia",
    "flag": "assets/flags/mn.svg",
    "name": "Mongolia",
    "url": "https://iptv-org.github.io/iptv/countries/mn.m3u"
  },
  {
    "capital": "Podgorica",
    "code": "me",
    "continent": "Europe",
    "flag": "assets/flags/me.svg",
    "name": "Montenegro",
    "url": "https://iptv-org.github.io/iptv/countries/me.m3u"
  },
  {
    "capital": "Little Bay, Brades, Plymouth",
    "code": "ms",
    "continent": "North America",
    "flag": "assets/flags/ms.svg",
    "name": "Montserrat",
    "url": "https://iptv-org.github.io/iptv/countries/ms.m3u"
  },
  {
    "capital": "Rabat",
    "code": "ma",
    "continent": "Africa",
    "flag": "assets/flags/ma.svg",
    "name": "Morocco",
    "url": "https://iptv-org.github.io/iptv/countries/ma.m3u"
  },
  {
    "capital": "Maputo",
    "code": "mz",
    "continent": "Africa",
    "flag": "assets/flags/mz.svg",
    "name": "Mozambique",
    "url": "https://iptv-org.github.io/iptv/countries/mz.m3u"
  },
  {
    "capital": "Naypyidaw",
    "code": "mm",
    "continent": "Asia",
    "flag": "assets/flags/mm.svg",
    "name": "Myanmar",
    "url": "https://iptv-org.github.io/iptv/countries/mm.m3u"
  },
  {
    "capital": "Windhoek",
    "code": "na",
    "continent": "Africa",
    "flag": "assets/flags/na.svg",
    "name": "Namibia",
    "url": "https://iptv-org.github.io/iptv/countries/na.m3u"
  },
  {
    "capital": "Yaren District",
    "code": "nr",
    "continent": "Oceania",
    "flag": "assets/flags/nr.svg",
    "name": "Nauru",
    "url": "https://iptv-org.github.io/iptv/countries/nr.m3u"
  },
  {
    "capital": "Kathmandu",
    "code": "np",
    "continent": "Asia",
    "flag": "assets/flags/np.svg",
    "name": "Nepal",
    "url": "https://iptv-org.github.io/iptv/countries/np.m3u"
  },
  {
    "capital": "Amsterdam",
    "code": "nl",
    "continent": "Europe",
    "flag": "assets/flags/nl.svg",
    "name": "Netherlands",
    "url": "https://iptv-org.github.io/iptv/countries/nl.m3u"
  },
  {
    "capital": "Nouméa",
    "code": "nc",
    "continent": "Oceania",
    "flag": "assets/flags/nc.svg",
    "name": "New Caledonia",
    "url": "https://iptv-org.github.io/iptv/countries/nc.m3u"
  },
  {
    "capital": "Wellington",
    "code": "nz",
    "continent": "Oceania",
    "flag": "assets/flags/nz.svg",
    "name": "New Zealand",
    "url": "https://iptv-org.github.io/iptv/countries/nz.m3u"
  },
  {
    "capital": "Managua",
    "code": "ni",
    "continent": "North America",
    "flag": "assets/flags/ni.svg",
    "name": "Nicaragua",
    "url": "https://iptv-org.github.io/iptv/countries/ni.m3u"
  },
  {
    "capital": "Niamey",
    "code": "ne",
    "continent": "Africa",
    "flag": "assets/flags/ne.svg",
    "name": "Niger",
    "url": "https://iptv-org.github.io/iptv/countries/ne.m3u"
  },
  {
    "capital": "Abuja",
    "code": "ng",
    "continent": "Africa",
    "flag": "assets/flags/ng.svg",
    "name": "Nigeria",
    "url": "https://iptv-org.github.io/iptv/countries/ng.m3u"
  },
  {
    "capital": "Alofi",
    "code": "nu",
    "continent": "Oceania",
    "flag": "assets/flags/nu.svg",
    "name": "Niue",
    "url": "https://iptv-org.github.io/iptv/countries/nu.m3u"
  },
  {
    "capital": "Kingston",
    "code": "nf",
    "continent": "Oceania",
    "flag": "assets/flags/nf.svg",
    "name": "Norfolk Island",
    "url": "https://iptv-org.github.io/iptv/countries/nf.m3u"
  },
  {
    "capital": "Pyongyang",
    "code": "kp",
    "continent": "Asia",
    "flag": "assets/flags/kp.svg",
    "name": "North Korea",
    "url": "https://iptv-org.github.io/iptv/countries/kp.m3u"
  },
  {
    "capital": "Skopje",
    "code": "mk",
    "continent": "Europe",
    "flag": "assets/flags/mk.svg",
    "name": "North Macedonia",
    "url": "https://iptv-org.github.io/iptv/countries/mk.m3u"
  },
  {
    "capital": "Saipan",
    "code": "mp",
    "continent": "Oceania",
    "flag": "assets/flags/mp.svg",
    "name": "Northern Mariana Islands",
    "url": "https://iptv-org.github.io/iptv/countries/mp.m3u"
  },
  {
    "capital": "Oslo",
    "code": "no",
    "continent": "Europe",
    "flag": "assets/flags/no.svg",
    "name": "Norway",
    "url": "https://iptv-org.github.io/iptv/countries/no.m3u"
  },
  {
    "capital": "Muscat",
    "code": "om",
    "continent": "Asia",
    "flag": "assets/flags/om.svg",
    "name": "Oman",
    "url": "https://iptv-org.github.io/iptv/countries/om.m3u"
  },
  {
    "capital": "Islamabad",
    "code": "pk",
    "continent": "Asia",
    "flag": "assets/flags/pk.svg",
    "name": "Pakistan",
    "url": "https://iptv-org.github.io/iptv/countries/pk.m3u"
  },
  {
    "capital": "Ngerulmud",
    "code": "pw",
    "continent": "Oceania",
    "flag": "assets/flags/pw.svg",
    "name": "Palau",
    "url": "https://iptv-org.github.io/iptv/countries/pw.m3u"
  },
  {
    "capital": "Panama City",
    "code": "pa",
    "continent": "North America",
    "flag": "assets/flags/pa.svg",
    "name": "Panama",
    "url": "https://iptv-org.github.io/iptv/countries/pa.m3u"
  },
  {
    "capital": "Port Moresby",
    "code": "pg",
    "continent": "Oceania",
    "flag": "assets/flags/pg.svg",
    "name": "Papua New Guinea",
    "url": "https://iptv-org.github.io/iptv/countries/pg.m3u"
  },
  {
    "capital": "Asunción",
    "code": "py",
    "continent": "South America",
    "flag": "assets/flags/py.svg",
    "name": "Paraguay",
    "url": "https://iptv-org.github.io/iptv/countries/py.m3u"
  },
  {
    "capital": "Lima",
    "code": "pe",
    "continent": "South America",
    "flag": "assets/flags/pe.svg",
    "name": "Peru",
    "url": "https://iptv-org.github.io/iptv/countries/pe.m3u"
  },
  {
    "capital": "Manila",
    "code": "ph",
    "continent": "Asia",
    "flag": "assets/flags/ph.svg",
    "name": "Philippines",
    "url": "https://iptv-org.github.io/iptv/countries/ph.m3u"
  },
  {
    "capital": "Adamstown",
    "code": "pn",
    "continent": "Oceania",
    "flag": "assets/flags/pn.svg",
    "name": "Pitcairn",
    "url": "https://iptv-org.github.io/iptv/countries/pn.m3u"
  },
  {
    "capital": "Warsaw",
    "code": "pl",
    "continent": "Europe",
    "flag": "assets/flags/pl.svg",
    "name": "Poland",
    "url": "https://iptv-org.github.io/iptv/countries/pl.m3u"
  },
  {
    "capital": "Lisbon",
    "code": "pt",
    "continent": "Europe",
    "flag": "assets/flags/pt.svg",
    "name": "Portugal",
    "url": "https://iptv-org.github.io/iptv/countries/pt.m3u"
  },
  {
    "capital": "San Juan",
    "code": "pr",
    "continent": "North America",
    "flag": "assets/flags/pr.svg",
    "name": "Puerto Rico",
    "url": "https://iptv-org.github.io/iptv/countries/pr.m3u"
  },
  {
    "capital": "Doha",
    "code": "qa",
    "continent": "Asia",
    "flag": "assets/flags/qa.svg",
    "name": "Qatar",
    "url": "https://iptv-org.github.io/iptv/countries/qa.m3u"
  },
  {
    "capital": "Brazzaville",
    "code": "cg",
    "continent": "Africa",
    "flag": "assets/flags/cg.svg",
    "name": "Republic of the Congo",
    "url": "https://iptv-org.github.io/iptv/countries/cg.m3u"
  },
  {
    "capital": "Bucharest",
    "code": "ro",
    "continent": "Europe",
    "flag": "assets/flags/ro.svg",
    "name": "Romania",
    "url": "https://iptv-org.github.io/iptv/countries/ro.m3u"
  },
  {
    "capital": "Moscow",
    "code": "ru",
    "continent": "Europe",
    "flag": "assets/flags/ru.svg",
    "name": "Russia",
    "url": "https://iptv-org.github.io/iptv/countries/ru.m3u"
  },
  {
    "capital": "Kigali",
    "code": "rw",
    "continent": "Africa",
    "flag": "assets/flags/rw.svg",
    "name": "Rwanda",
    "url": "https://iptv-org.github.io/iptv/countries/rw.m3u"
  },
  {
    "capital": "Saint-Denis",
    "code": "re",
    "continent": "Africa",
    "flag": "assets/flags/re.svg",
    "name": "Réunion",
    "url": "https://iptv-org.github.io/iptv/countries/re.m3u"
  },
  {
    "capital": "Gustavia",
    "code": "bl",
    "continent": "North America",
    "flag": "assets/flags/bl.svg",
    "name": "Saint Barthélemy",
    "url": "https://iptv-org.github.io/iptv/countries/bl.m3u"
  },
  {
    "capital": "Jamestown",
    "code": "sh",
    "continent": "Africa",
    "flag": "assets/flags/sh.svg",
    "name": "Saint Helena, Ascension and Tristan da Cunha",
    "url": "https://iptv-org.github.io/iptv/countries/sh.m3u"
  },
  {
    "capital": "Basseterre",
    "code": "kn",
    "continent": "North America",
    "flag": "assets/flags/kn.svg",
    "name": "Saint Kitts and Nevis",
    "url": "https://iptv-org.github.io/iptv/countries/kn.m3u"
  },
  {
    "capital": "Castries",
    "code": "lc",
    "continent": "North America",
    "flag": "assets/flags/lc.svg",
    "name": "Saint Lucia",
    "url": "https://iptv-org.github.io/iptv/countries/lc.m3u"
  },
  {
    "capital": "Marigot",
    "code": "mf",
    "continent": "North America",
    "flag": "assets/flags/mf.svg",
    "name": "Saint Martin",
    "url": "https://iptv-org.github.io/iptv/countries/mf.m3u"
  },
  {
    "capital": "Saint-Pierre",
    "code": "pm",
    "continent": "North America",
    "flag": "assets/flags/pm.svg",
    "name": "Saint Pierre and Miquelon",
    "url": "https://iptv-org.github.io/iptv/countries/pm.m3u"
  },
  {
    "capital": "Kingstown",
    "code": "vc",
    "continent": "North America",
    "flag": "assets/flags/vc.svg",
    "name": "Saint Vincent and the Grenadines",
    "url": "https://iptv-org.github.io/iptv/countries/vc.m3u"
  },
  {
    "capital": "Apia",
    "code": "ws",
    "continent": "Oceania",
    "flag": "assets/flags/ws.svg",
    "name": "Samoa",
    "url": "https://iptv-org.github.io/iptv/countries/ws.m3u"
  },
  {
    "capital": "San Marino",
    "code": "sm",
    "continent": "Europe",
    "flag": "assets/flags/sm.svg",
    "name": "San Marino",
    "url": "https://iptv-org.github.io/iptv/countries/sm.m3u"
  },
  {
    "capital": "São Tomé",
    "code": "st",
    "continent": "Africa",
    "flag": "assets/flags/st.svg",
    "name": "Sao Tome and Principe",
    "url": "https://iptv-org.github.io/iptv/countries/st.m3u"
  },
  {
    "capital": "Riyadh",
    "code": "sa",
    "continent": "Asia",
    "flag": "assets/flags/sa.svg",
    "name": "Saudi Arabia",
    "url": "https://iptv-org.github.io/iptv/countries/sa.m3u"
  },
  {
    "capital": "Dakar",
    "code": "sn",
    "continent": "Africa",
    "flag": "assets/flags/sn.svg",
    "name": "Senegal",
    "url": "https://iptv-org.github.io/iptv/countries/sn.m3u"
  },
  {
    "capital": "Belgrade",
    "code": "rs",
    "continent": "Europe",
    "flag": "assets/flags/rs.svg",
    "name": "Serbia",
    "url": "https://iptv-org.github.io/iptv/countries/rs.m3u"
  },
  {
    "capital": "Victoria",
    "code": "sc",
    "continent": "Africa",
    "flag": "assets/flags/sc.svg",
    "name": "Seychelles",
    "url": "https://iptv-org.github.io/iptv/countries/sc.m3u"
  },
  {
    "capital": "Freetown",
    "code": "sl",
    "continent": "Africa",
    "flag": "assets/flags/sl.svg",
    "name": "Sierra Leone",
    "url": "https://iptv-org.github.io/iptv/countries/sl.m3u"
  },
  {
    "capital": "Singapore",
    "code": "sg",
    "continent": "Asia",
    "flag": "assets/flags/sg.svg",
    "name": "Singapore",
    "url": "https://iptv-org.github.io/iptv/countries/sg.m3u"
  },
  {
    "capital": "Philipsburg",
    "code": "sx",
    "continent": "North America",
    "flag": "assets/flags/sx.svg",
    "name": "Sint Maarten",
    "url": "https://iptv-org.github.io/iptv/countries/sx.m3u"
  },
  {
    "capital": "Bratislava",
    "code": "sk",
    "continent": "Europe",
    "flag": "assets/flags/sk.svg",
    "name": "Slovakia",
    "url": "https://iptv-org.github.io/iptv/countries/sk.m3u"
  },
  {
    "capital": "Ljubljana",
    "code": "si",
    "continent": "Europe",
    "flag": "assets/flags/si.svg",
    "name": "Slovenia",
    "url": "https://iptv-org.github.io/iptv/countries/si.m3u"
  },
  {
    "capital": "Honiara",
    "code": "sb",
    "continent": "Oceania",
    "flag": "assets/flags/sb.svg",
    "name": "Solomon Islands",
    "url": "https://iptv-org.github.io/iptv/countries/sb.m3u"
  },
  {
    "capital": "Mogadishu",
    "code": "so",
    "continent": "Africa",
    "flag": "assets/flags/so.svg",
    "name": "Somalia",
    "url": "https://iptv-org.github.io/iptv/countries/so.m3u"
  },
  {
    "capital": "Pretoria",
    "code": "za",
    "continent": "Africa",
    "flag": "assets/flags/za.svg",
    "name": "South Africa",
    "url": "https://iptv-org.github.io/iptv/countries/za.m3u"
  },
  {
    "capital": "King Edward Point",
    "code": "gs",
    "continent": "Antarctica",
    "flag": "assets/flags/gs.svg",
    "name": "South Georgia and the South Sandwich Islands",
    "url": "https://iptv-org.github.io/iptv/countries/gs.m3u"
  },
  {
    "capital": "Seoul",
    "code": "kr",
    "continent": "Asia",
    "flag": "assets/flags/kr.svg",
    "name": "South Korea",
    "url": "https://iptv-org.github.io/iptv/countries/kr.m3u"
  },
  {
    "capital": "Juba",
    "code": "ss",
    "continent": "Africa",
    "flag": "assets/flags/ss.svg",
    "name": "South Sudan",
    "url": "https://iptv-org.github.io/iptv/countries/ss.m3u"
  },
  {
    "capital": "Madrid",
    "code": "es",
    "continent": "Europe",
    "flag": "assets/flags/es.svg",
    "name": "Spain",
    "url": "https://iptv-org.github.io/iptv/countries/es.m3u"
  },
  {
    "capital": "Sri Jayawardenepura Kotte, Colombo",
    "code": "lk",
    "continent": "Asia",
    "flag": "assets/flags/lk.svg",
    "name": "Sri Lanka",
    "url": "https://iptv-org.github.io/iptv/countries/lk.m3u"
  },
  {
    "capital": "Ramallah",
    "code": "ps",
    "continent": "Asia",
    "flag": "assets/flags/ps.svg",
    "name": "State of Palestine",
    "url": "https://iptv-org.github.io/iptv/countries/ps.m3u"
  },
  {
    "capital": "Khartoum",
    "code": "sd",
    "continent": "Africa",
    "flag": "assets/flags/sd.svg",
    "name": "Sudan",
    "url": "https://iptv-org.github.io/iptv/countries/sd.m3u"
  },
  {
    "capital": "Paramaribo",
    "code": "sr",
    "continent": "South America",
    "flag": "assets/flags/sr.svg",
    "name": "Suriname",
    "url": "https://iptv-org.github.io/iptv/countries/sr.m3u"
  },
  {
    "capital": "Stockholm",
    "code": "se",
    "continent": "Europe",
    "flag": "assets/flags/se.svg",
    "name": "Sweden",
    "url": "https://iptv-org.github.io/iptv/countries/se.m3u"
  },
  {
    "capital": "Bern",
    "code": "ch",
    "continent": "Europe",
    "flag": "assets/flags/ch.svg",
    "name": "Switzerland",
    "url": "https://iptv-org.github.io/iptv/countries/ch.m3u"
  },
  {
    "capital": "Damascus",
    "code": "sy",
    "continent": "Asia",
    "flag": "assets/flags/sy.svg",
    "name": "Syria",
    "url": "https://iptv-org.github.io/iptv/countries/sy.m3u"
  },
  {
    "capital": "Taipei",
    "code": "tw",
    "continent": "Asia",
    "flag": "assets/flags/tw.svg",
    "name": "Taiwan",
    "url": "https://iptv-org.github.io/iptv/countries/tw.m3u"
  },
  {
    "capital": "Dushanbe",
    "code": "tj",
    "continent": "Asia",
    "flag": "assets/flags/tj.svg",
    "name": "Tajikistan",
    "url": "https://iptv-org.github.io/iptv/countries/tj.m3u"
  },
  {
    "capital": "Dodoma",
    "code": "tz",
    "continent": "Africa",
    "flag": "assets/flags/tz.svg",
    "name": "Tanzania",
    "url": "https://iptv-org.github.io/iptv/countries/tz.m3u"
  },
  {
    "capital": "Bangkok",
    "code": "th",
    "continent": "Asia",
    "flag": "assets/flags/th.svg",
    "name": "Thailand",
    "url": "https://iptv-org.github.io/iptv/countries/th.m3u"
  },
  {
    "capital": "Dili",
    "code": "tl",
    "continent": "Asia",
    "flag": "assets/flags/tl.svg",
    "name": "Timor-Leste",
    "url": "https://iptv-org.github.io/iptv/countries/tl.m3u"
  },
  {
    "capital": "Lomé",
    "code": "tg",
    "continent": "Africa",
    "flag": "assets/flags/tg.svg",
    "name": "Togo",
    "url": "https://iptv-org.github.io/iptv/countries/tg.m3u"
  },
  {
    "capital": "Nukunonu, Atafu,Tokelau",
    "code": "tk",
    "continent": "Oceania",
    "flag": "assets/flags/tk.svg",
    "name": "Tokelau",
    "url": "https://iptv-org.github.io/iptv/countries/tk.m3u"
  },
  {
    "capital": "Nukuʻalofa",
    "code": "to",
    "continent": "Oceania",
    "flag": "assets/flags/to.svg",
    "name": "Tonga",
    "url": "https://iptv-org.github.io/iptv/countries/to.m3u"
  },
  {
    "capital": "Port of Spain",
    "code": "tt",
    "continent": "South America",
    "flag": "assets/flags/tt.svg",
    "name": "Trinidad and Tobago",
    "url": "https://iptv-org.github.io/iptv/countries/tt.m3u"
  },
  {
    "capital": "Tunis",
    "code": "tn",
    "continent": "Africa",
    "flag": "assets/flags/tn.svg",
    "name": "Tunisia",
    "url": "https://iptv-org.github.io/iptv/countries/tn.m3u"
  },
  {
    "capital": "Ashgabat",
    "code": "tm",
    "continent": "Asia",
    "flag": "assets/flags/tm.svg",
    "name": "Turkmenistan",
    "url": "https://iptv-org.github.io/iptv/countries/tm.m3u"
  },
  {
    "capital": "Cockburn Town",
    "code": "tc",
    "continent": "North America",
    "flag": "assets/flags/tc.svg",
    "name": "Turks and Caicos Islands",
    "url": "https://iptv-org.github.io/iptv/countries/tc.m3u"
  },
  {
    "capital": "Funafuti",
    "code": "tv",
    "continent": "Oceania",
    "flag": "assets/flags/tv.svg",
    "name": "Tuvalu",
    "url": "https://iptv-org.github.io/iptv/countries/tv.m3u"
  },
  {
    "capital": "Ankara",
    "code": "tr",
    "continent": "Asia",
    "flag": "assets/flags/tr.svg",
    "name": "Türkiye",
    "url": "https://iptv-org.github.io/iptv/countries/tr.m3u"
  },
  {
    "capital": "Kampala",
    "code": "ug",
    "continent": "Africa",
    "flag": "assets/flags/ug.svg",
    "name": "Uganda",
    "url": "https://iptv-org.github.io/iptv/countries/ug.m3u"
  },
  {
    "capital": "Kiev",
    "code": "ua",
    "continent": "Europe",
    "flag": "assets/flags/ua.svg",
    "name": "Ukraine",
    "url": "https://iptv-org.github.io/iptv/countries/ua.m3u"
  },
  {
    "capital": "Abu Dhabi",
    "code": "ae",
    "continent": "Asia",
    "flag": "assets/flags/ae.svg",
    "name": "United Arab Emirates",
    "url": "https://iptv-org.github.io/iptv/countries/ae.m3u"
  },
  {
    "capital": "Washington, D.C.",
    "code": "us",
    "continent": "North America",
    "flag": "assets/flags/us.svg",
    "name": "United States of America",
    "url": "https://iptv-org.github.io/iptv/countries/us.m3u"
  },
  {
    "capital": "Montevideo",
    "code": "uy",
    "continent": "South America",
    "flag": "assets/flags/uy.svg",
    "name": "Uruguay",
    "url": "https://iptv-org.github.io/iptv/countries/uy.m3u"
  },
  {
    "capital": "Tashkent",
    "code": "uz",
    "continent": "Asia",
    "flag": "assets/flags/uz.svg",
    "name": "Uzbekistan",
    "url": "https://iptv-org.github.io/iptv/countries/uz.m3u"
  },
  {
    "capital": "Port Vila",
    "code": "vu",
    "continent": "Oceania",
    "flag": "assets/flags/vu.svg",
    "name": "Vanuatu",
    "url": "https://iptv-org.github.io/iptv/countries/vu.m3u"
  },
  {
    "capital": "Caracas",
    "code": "ve",
    "continent": "South America",
    "flag": "assets/flags/ve.svg",
    "name": "Venezuela",
    "url": "https://iptv-org.github.io/iptv/countries/ve.m3u"
  },
  {
    "capital": "Hanoi",
    "code": "vn",
    "continent": "Asia",
    "flag": "assets/flags/vn.svg",
    "name": "Vietnam",
    "url": "https://iptv-org.github.io/iptv/countries/vn.m3u"
  },
  {
    "capital": "Road Town",
    "code": "vg",
    "continent": "North America",
    "flag": "assets/flags/vg.svg",
    "name": "Virgin Islands (British)",
    "url": "https://iptv-org.github.io/iptv/countries/vg.m3u"
  },
  {
    "capital": "Charlotte Amalie",
    "code": "vi",
    "continent": "North America",
    "flag": "assets/flags/vi.svg",
    "name": "Virgin Islands (U.S.)",
    "url": "https://iptv-org.github.io/iptv/countries/vi.m3u"
  },
  {
    "capital": "Mata-Utu",
    "code": "wf",
    "continent": "Oceania",
    "flag": "assets/flags/wf.svg",
    "name": "Wallis and Futuna",
    "url": "https://iptv-org.github.io/iptv/countries/wf.m3u"
  },
  {
    "capital": "Laayoune",
    "code": "eh",
    "continent": "Africa",
    "flag": "assets/flags/eh.svg",
    "name": "Western Sahara",
    "url": "https://iptv-org.github.io/iptv/countries/eh.m3u"
  },
  {
    "capital": "Sana'a",
    "code": "ye",
    "continent": "Asia",
    "flag": "assets/flags/ye.svg",
    "name": "Yemen",
    "url": "https://iptv-org.github.io/iptv/countries/ye.m3u"
  },
  {
    "capital": "Lusaka",
    "code": "zm",
    "continent": "Africa",
    "flag": "assets/flags/zm.svg",
    "name": "Zambia",
    "url": "https://iptv-org.github.io/iptv/countries/zm.m3u"
  },
  {
    "capital": "Harare",
    "code": "zw",
    "continent": "Africa",
    "flag": "assets/flags/zw.svg",
    "name": "Zimbabwe",
    "url": "https://iptv-org.github.io/iptv/countries/zw.m3u"
  }
]